"name","cytoband__001","cytoband__002","symbol","gene_id","is_cancer_gene_census","biotype"
"ring finger protein 43","17q22","","RNF43","ENSG00000108375","True","protein_coding"
"B-cell CLL/lymphoma 3","19q13.32","","BCL3","ENSG00000069399","True","protein_coding"
"B-cell CLL/lymphoma 2","18q21.33","","BCL2","ENSG00000171791","True","protein_coding"
"Janus kinase 1","1p31.3","","JAK1","ENSG00000162434","True","protein_coding"
"paired box 3","2q36.1","","PAX3","ENSG00000135903","True","protein_coding"
"SCL/TAL1 interrupting locus","1p33","","STIL","ENSG00000123473","True","protein_coding"
"nuclear factor of kappa light polypeptide gene enhancer in B-cells inhibitor, epsilon","6p21.1","","NFKBIE","ENSG00000146232","True","protein_coding"
"tuberous sclerosis 2","16p13.3","","TSC2","ENSG00000103197","True","protein_coding"
"v-myc avian myelocytomatosis viral oncogene lung carcinoma derived homolog","1p34.2","","MYCL","ENSG00000116990","True","protein_coding"
"staphylococcal nuclease and tudor domain containing 1","7q32.1","","SND1","ENSG00000197157","True","protein_coding"
"follistatin-like 3 (secreted glycoprotein)","19p13.3","","FSTL3","ENSG00000070404","True","protein_coding"
"myeloid/lymphoid or mixed-lineage leukemia (trithorax homolog, Drosophila); translocated to, 4","6q27","","MLLT4","ENSG00000130396","True","protein_coding"
"LCK proto-oncogene, Src family tyrosine kinase","1p35.2","","LCK","ENSG00000182866","True","protein_coding"
"ets variant 5","3q27.2","","ETV5","ENSG00000244405","True","protein_coding"
"GATA binding protein 2","3q21.3","","GATA2","ENSG00000179348","True","protein_coding"
"bromodomain containing 3","9q34.2","","BRD3","ENSG00000169925","True","protein_coding"
"retinoic acid receptor, alpha","17q21.2","","RARA","ENSG00000131759","True","protein_coding"
"T-cell acute lymphocytic leukemia 1","1p33","","TAL1","ENSG00000162367","True","protein_coding"
"megakaryoblastic leukemia (translocation) 1","22q13.1","22q13.2","MKL1","ENSG00000196588","True","protein_coding"
"AF4/FMR2 family, member 4","5q31.1","","AFF4","ENSG00000072364","True","protein_coding"
"PR domain containing 16","1p36.32","","PRDM16","ENSG00000142611","True","protein_coding"
"SH3-domain GRB2-like 1","19p13.3","","SH3GL1","ENSG00000141985","True","protein_coding"
"v-akt murine thymoma viral oncogene homolog 1","14q32.33","","AKT1","ENSG00000142208","True","protein_coding"
"cysteine-rich hydrophobic domain 2","4q12","","CHIC2","ENSG00000109220","True","protein_coding"
"tumor necrosis factor, alpha-induced protein 3","6q23.3","","TNFAIP3","ENSG00000118503","True","protein_coding"
"peroxisome proliferator-activated receptor gamma","3p25.2","","PPARG","ENSG00000132170","True","protein_coding"
"B-cell CLL/lymphoma 6","3q27.3","","BCL6","ENSG00000113916","True","protein_coding"
"protein phosphatase 2, regulatory subunit A, alpha","19q13.41","","PPP2R1A","ENSG00000105568","True","protein_coding"
"v-ets avian erythroblastosis virus E26 oncogene homolog","21q22.2","","ERG","ENSG00000157554","True","protein_coding"
"far upstream element (FUSE) binding protein 1","1p31.1","","FUBP1","ENSG00000162613","True","protein_coding"
"5'-nucleotidase, cytosolic II","10q24.32","10q24.33","NT5C2","ENSG00000076685","True","protein_coding"
"homeobox D11","2q31.1","","HOXD11","ENSG00000128713","True","protein_coding"
"Werner syndrome, RecQ helicase-like","8p12","","WRN","ENSG00000165392","True","protein_coding"
"patched 1","9q22.32","","PTCH1","ENSG00000185920","True","protein_coding"
"core-binding factor, runt domain, alpha subunit 2; translocated to, 3","16q24.3","","CBFA2T3","ENSG00000129993","True","protein_coding"
"forkhead box P1","3p13","","FOXP1","ENSG00000114861","True","protein_coding"
"class II, major histocompatibility complex, transactivator","16p13.13","","CIITA","ENSG00000179583","True","protein_coding"
"mutS homolog 2","2p21","2p16.3","MSH2","ENSG00000095002","True","protein_coding"
"SET nuclear proto-oncogene","9q34.11","","SET","ENSG00000119335","True","protein_coding"
"cadherin 1, type 1, E-cadherin (epithelial)","16q22.1","","CDH1","ENSG00000039068","True","protein_coding"
"ATPase, Ca++ transporting, plasma membrane 3","Xq28","","ATP2B3","ENSG00000067842","True","protein_coding"
"aldehyde dehydrogenase 2 family (mitochondrial)","12q24.12","","ALDH2","ENSG00000111275","True","protein_coding"
"nascent polypeptide-associated complex alpha subunit","12q13.3","","NACA","ENSG00000196531","True","protein_coding"
"ribosomal protein L22","1p36.31","","RPL22","ENSG00000116251","True","protein_coding"
"v-myb avian myeloblastosis viral oncogene homolog","6q23.3","","MYB","ENSG00000118513","True","protein_coding"
"WW domain containing transcription regulator 1","3q25.1","","WWTR1","ENSG00000018408","True","protein_coding"
"striatin, calmodulin binding protein","2p22.2","","STRN","ENSG00000115808","True","protein_coding"
"myogenic differentiation 1","11p15.1","","MYOD1","ENSG00000129152","True","protein_coding"
"mitogen-activated protein kinase kinase 2","19p13.3","","MAP2K2","ENSG00000126934","True","protein_coding"
"solute carrier family 45, member 3","1q32.1","","SLC45A3","ENSG00000158715","True","protein_coding"
"exportin 1","2p15","","XPO1","ENSG00000082898","True","protein_coding"
"RNA binding motif protein 10","Xp11.3","","RBM10","ENSG00000182872","True","protein_coding"
"SH2B adaptor protein 3","12q24.12","","SH2B3","ENSG00000111252","True","protein_coding"
"zinc finger and BTB domain containing 16","11q23.2","","ZBTB16","ENSG00000109906","True","protein_coding"
"alveolar soft part sarcoma chromosome region, candidate 1","17q25.3","","ASPSCR1","ENSG00000169696","True","protein_coding"
"B-cell CLL/lymphoma 11B (zinc finger protein)","14q32.2","","BCL11B","ENSG00000127152","True","protein_coding"
"NUT midline carcinoma, family member 1","15q14","","NUTM1","ENSG00000184507","True","protein_coding"
"PMS1 postmeiotic segregation increased 1 (S. cerevisiae)","2q32.2","","PMS1","ENSG00000064933","True","protein_coding"
"caudal type homeobox 2","13q12.2","","CDX2","ENSG00000165556","True","protein_coding"
"cyclin D1","11q13.3","","CCND1","ENSG00000110092","True","protein_coding"
"DEAD (Asp-Glu-Ala-Asp) box polypeptide 10","11q22.3","","DDX10","ENSG00000178105","True","protein_coding"
"bone morphogenetic protein receptor, type IA","10q23.2","","BMPR1A","ENSG00000107779","True","protein_coding"
"Wilms tumor 1","11p13","","WT1","ENSG00000184937","True","protein_coding"
"T-cell leukemia/lymphoma 6 (non-protein coding)","14q32.13","","TCL6","ENSG00000187621","True","processed_transcript"
"CD79a molecule, immunoglobulin-associated alpha","19q13.2","","CD79A","ENSG00000105369","True","protein_coding"
"mitogen-activated protein kinase kinase kinase 13","3q27.2","","MAP3K13","ENSG00000073803","True","protein_coding"
"dynamin 2","19p13.2","","DNM2","ENSG00000079805","True","protein_coding"
"Bloom syndrome, RecQ helicase-like","15q26.1","","BLM","ENSG00000197299","True","protein_coding"
"telomerase reverse transcriptase","5p15.33","","TERT","ENSG00000164362","True","protein_coding"
"coiled-coil domain containing 6","10q21.2","","CCDC6","ENSG00000108091","True","protein_coding"
"polymerase (DNA directed), epsilon, catalytic subunit","12q24.33","","POLE","ENSG00000177084","True","protein_coding"
"meningioma (disrupted in balanced translocation) 1","22q12.1","","MN1","ENSG00000169184","True","protein_coding"
"MYC associated factor X","14q23.3","","MAX","ENSG00000125952","True","protein_coding"
"lymphoblastic leukemia associated hematopoiesis regulator 1","19p13.13","","LYL1","ENSG00000104903","True","protein_coding"
"neuregulin 1","8p12","","NRG1","ENSG00000157168","True","protein_coding"
"RNA binding motif protein 15","1p13.3","","RBM15","ENSG00000162775","True","protein_coding"
"MPL proto-oncogene, thrombopoietin receptor","1p34.2","","MPL","ENSG00000117400","True","protein_coding"
"H3 histone, family 3A","1q42.12","","H3F3A","ENSG00000163041","True","protein_coding"
"PWWP domain containing 2A","5q33.3","","PWWP2A","ENSG00000170234","True","protein_coding"
"signal transducer and activator of transcription 3 (acute-phase response factor)","17q21.2","","STAT3","ENSG00000168610","True","protein_coding"
"jun proto-oncogene","1p32.1","","JUN","ENSG00000177606","True","protein_coding"
"F-box protein 11","2p16.3","","FBXO11","ENSG00000138081","True","protein_coding"
"v-maf avian musculoaponeurotic fibrosarcoma oncogene homolog B","20q12","","MAFB","ENSG00000204103","True","protein_coding"
"T-cell leukemia homeobox 3","5q35.1","","TLX3","ENSG00000164438","True","protein_coding"
"tuberous sclerosis 1","9q34.13","","TSC1","ENSG00000165699","True","protein_coding"
"additional sex combs like transcriptional regulator 1","20q11.21","","ASXL1","ENSG00000171456","True","protein_coding"
"erb-b2 receptor tyrosine kinase 3","12q13.2","","ERBB3","ENSG00000065361","True","protein_coding"
"cleavage and polyadenylation factor I subunit 1","11q12.1","","CLP1","ENSG00000172409","True","protein_coding"
"MDM2 proto-oncogene, E3 ubiquitin protein ligase","12q15","","MDM2","ENSG00000135679","True","protein_coding"
"T-cell leukemia/lymphoma 1A","14q32.13","","TCL1A","ENSG00000100721","True","protein_coding"
"ELKS/RAB6-interacting/CAST family member 1","12p13.33","","ERC1","ENSG00000082805","True","protein_coding"
"activin A receptor, type I","2q24.1","","ACVR1","ENSG00000115170","True","protein_coding"
"LIM domain only 2 (rhombotin-like 1)","11p13","","LMO2","ENSG00000135363","True","protein_coding"
"abl-interactor 1","10p12.1","","ABI1","ENSG00000136754","True","protein_coding"
"myosin VA (heavy chain 12, myoxin)","15q21.2","","MYO5A","ENSG00000197535","True","protein_coding"
"von Hippel-Lindau tumor suppressor, E3 ubiquitin protein ligase","3p25.3","","VHL","ENSG00000134086","True","protein_coding"
"RecQ mediated genome instability 2","16p13.13","","RMI2","ENSG00000175643","True","protein_coding"
"excision repair cross-complementation group 5","13q33.1","","ERCC5","ENSG00000134899","True","protein_coding"
"zinc finger (CCCH type), RNA-binding motif and serine/arginine rich 2","Xp22.2","","ZRSR2","ENSG00000169249","True","protein_coding"
"protein kinase, cAMP-dependent, catalytic, alpha","19p13.12","","PRKACA","ENSG00000072062","True","protein_coding"
"suppressor of fused homolog (Drosophila)","10q24.32","","SUFU","ENSG00000107882","True","protein_coding"
"SMAD family member 2","18q21.1","","SMAD2","ENSG00000175387","True","protein_coding"
"lamin A/C","1q22","","LMNA","ENSG00000160789","True","protein_coding"
"GATA binding protein 3","10p14","","GATA3","ENSG00000107485","True","protein_coding"
"calcium activated nucleotidase 1","17q25.3","","CANT1","ENSG00000171302","True","protein_coding"
"fibroblast growth factor receptor 1","8p11.23","","FGFR1","ENSG00000077782","True","protein_coding"
"high mobility group AT-hook 2","12q14.3","","HMGA2","ENSG00000149948","True","protein_coding"
"papillary renal cell carcinoma (translocation-associated)","1q23.1","","PRCC","ENSG00000143294","True","protein_coding"
"speckle-type POZ protein","17q21.33","","SPOP","ENSG00000121067","True","protein_coding"
"dynactin 1","2p13.1","","DCTN1","ENSG00000204843","True","protein_coding"
"clathrin, heavy chain (Hc)","17q23.1","","CLTC","ENSG00000141367","True","protein_coding"
"platelet-derived growth factor receptor, beta polypeptide","5q32","","PDGFRB","ENSG00000113721","True","protein_coding"
"phospholipase C, gamma 1","20q12","","PLCG1","ENSG00000124181","True","protein_coding"
"inhibitor of kappa light polypeptide gene enhancer in B-cells, kinase beta","8p11.21","","IKBKB","ENSG00000104365","True","protein_coding"
"GNAS complex locus","20q13.32","","GNAS","ENSG00000087460","True","protein_coding"
"thyroid hormone receptor interactor 11","14q32.12","","TRIP11","ENSG00000100815","True","protein_coding"
"ribosomal protein L10","Xq28","","RPL10","ENSG00000147403","True","protein_coding"
"myeloid differentiation primary response 88","3p22.2","","MYD88","ENSG00000172936","True","protein_coding"
"cylindromatosis (turban tumor syndrome)","16q12.1","","CYLD","ENSG00000083799","True","protein_coding"
"breakpoint cluster region","22q11.23","","BCR","ENSG00000186716","True","protein_coding"
"cAMP responsive element binding protein 3-like 1","11p11.2","","CREB3L1","ENSG00000157613","True","protein_coding"
"factor interacting with PAPOLA and CPSF1","4q12","","FIP1L1","ENSG00000145216","True","protein_coding"
"phosphodiesterase 4D interacting protein","1q21.2","","PDE4DIP","ENSG00000178104","True","protein_coding"
"breast cancer 1, early onset","17q21.31","","BRCA1","ENSG00000012048","True","protein_coding"
"splicing factor proline/glutamine-rich","1p34.3","","SFPQ","ENSG00000116560","True","protein_coding"
"programmed cell death 1 ligand 2","9p24.1","","PDCD1LG2","ENSG00000197646","True","protein_coding"
"AT rich interactive domain 1A (SWI-like)","1p36.11","","ARID1A","ENSG00000117713","True","protein_coding"
"alpha thalassemia/mental retardation syndrome X-linked","Xq21.1","","ATRX","ENSG00000085224","True","protein_coding"
"CD79b molecule, immunoglobulin-associated beta","17q23.3","","CD79B","ENSG00000007312","True","protein_coding"
"HNF1 homeobox A","12q24.31","","HNF1A","ENSG00000135100","True","protein_coding"
"tripartite motif containing 33","1p13.2","","TRIM33","ENSG00000197323","True","protein_coding"
"protein tyrosine phosphatase, receptor type, K","6q22.33","","PTPRK","ENSG00000152894","True","protein_coding"
"epithelial cell transforming 2 like","6q24.1","","ECT2L","ENSG00000203734","True","protein_coding"
"nucleophosmin (nucleolar phosphoprotein B23, numatrin)","5q35.1","","NPM1","ENSG00000181163","True","protein_coding"
"CREB regulated transcription coactivator 3","15q26.1","","CRTC3","ENSG00000140577","True","protein_coding"
"Cbl proto-oncogene, E3 ubiquitin protein ligase","11q23.3","","CBL","ENSG00000110395","True","protein_coding"
"cyclin-dependent kinase 4","12q14.1","","CDK4","ENSG00000135446","True","protein_coding"
"guanine monphosphate synthase","3q25.31","","GMPS","ENSG00000163655","True","protein_coding"
"gephyrin","14q23.3","","GPHN","ENSG00000171723","True","protein_coding"
"thyroid stimulating hormone receptor","14q31.1","","TSHR","ENSG00000165409","True","protein_coding"
"interleukin 21 receptor","16p12.1","","IL21R","ENSG00000103522","True","protein_coding"
"septin 6","Xq24","","SEPT6","ENSG00000125354","True","protein_coding"
"pre-B-cell leukemia homeobox 1","1q23.3","","PBX1","ENSG00000185630","True","protein_coding"
"rabaptin, RAB GTPase binding effector protein 1","17p13.2","","RABEP1","ENSG00000029725","True","protein_coding"
"neuroblastoma RAS viral (v-ras) oncogene homolog","1p13.2","","NRAS","ENSG00000213281","True","protein_coding"
"motor neuron and pancreas homeobox 1","7q36.3","","MNX1","ENSG00000130675","True","protein_coding"
"fms-related tyrosine kinase 3","13q12.2","","FLT3","ENSG00000122025","True","protein_coding"
"ethanolamine kinase 1","12p12.1","","ETNK1","ENSG00000139163","True","protein_coding"
"kallikrein-related peptidase 2","19q13.33","","KLK2","ENSG00000167751","True","protein_coding"
"homeobox D13","2q31.1","","HOXD13","ENSG00000128714","True","protein_coding"
"homeobox A9","7p15.2","","HOXA9","ENSG00000078399","True","protein_coding"
"mitogen-activated protein kinase kinase 4","17p12","","MAP2K4","ENSG00000065559","True","protein_coding"
"calcium channel, voltage-dependent, L type, alpha 1D subunit","3p21.1","","CACNA1D","ENSG00000157388","True","protein_coding"
"glutamate receptor, ionotropic, N-methyl D-aspartate 2A","16p13.2","","GRIN2A","ENSG00000183454","True","protein_coding"
"lysine (K)-specific demethylase 6A","Xp11.3","","KDM6A","ENSG00000147050","True","protein_coding"
"transducin (beta)-like 1 X-linked receptor 1","3q26.32","","TBL1XR1","ENSG00000177565","True","protein_coding"
"T-box 3","12q24.21","","TBX3","ENSG00000135111","True","protein_coding"
"myeloid/lymphoid or mixed-lineage leukemia (trithorax homolog, Drosophila); translocated to, 10","10p12.31","","MLLT10","ENSG00000078403","True","protein_coding"
"protein tyrosine phosphatase, non-receptor type 11","12q24.13","","PTPN11","ENSG00000179295","True","protein_coding"
"homeobox A13","7p15.2","","HOXA13","ENSG00000106031","True","protein_coding"
"centriolin","9q33.2","","CNTRL","ENSG00000119397","True","protein_coding"
"stromal antigen 2","Xq25","","STAG2","ENSG00000101972","True","protein_coding"
"kinectin 1 (kinesin receptor)","14q22.3","","KTN1","ENSG00000126777","True","protein_coding"
"protein tyrosine phosphatase, receptor type, C","1q31.3","1q32.1","PTPRC","ENSG00000081237","True","protein_coding"
"core-binding factor, beta subunit","16q22.1","","CBFB","ENSG00000067955","True","protein_coding"
"SMAD family member 4","18q21.2","","SMAD4","ENSG00000141646","True","protein_coding"
"LIM domain containing preferred translocation partner in lipoma","3q27.3","3q28","LPP","ENSG00000145012","True","protein_coding"
"serine/threonine kinase 11","19p13.3","","STK11","ENSG00000118046","True","protein_coding"
"neurotrophic tyrosine kinase, receptor, type 3","15q25.3","","NTRK3","ENSG00000140538","True","protein_coding"
"axin 1","16p13.3","","AXIN1","ENSG00000103126","True","protein_coding"
"APC membrane recruitment protein 1","Xq11.2","","AMER1","ENSG00000184675","True","protein_coding"
"kinesin family member 5B","10p11.22","","KIF5B","ENSG00000170759","True","protein_coding"
"tumor necrosis factor receptor superfamily, member 17","16p13.13","","TNFRSF17","ENSG00000048462","True","protein_coding"
"lipoma HMGIC fusion partner","13q13.3","13q14.11","LHFP","ENSG00000183722","True","protein_coding"
"pericentriolar material 1","8p22","","PCM1","ENSG00000078674","True","protein_coding"
"nuclear receptor corepressor 2","12q24.31","","NCOR2","ENSG00000196498","True","protein_coding"
"folliculin","17p11.2","","FLCN","ENSG00000154803","True","protein_coding"
"v-myc avian myelocytomatosis viral oncogene neuroblastoma derived homolog","2p24.3","","MYCN","ENSG00000134323","True","protein_coding"
"ABL proto-oncogene 2, non-receptor tyrosine kinase","1q25.2","","ABL2","ENSG00000143322","True","protein_coding"
"cyclin-dependent kinase inhibitor 2C (p18, inhibits CDK4)","1p32.3","","CDKN2C","ENSG00000123080","True","protein_coding"
"SMAD family member 3","15q22.33","","SMAD3","ENSG00000166949","True","protein_coding"
"enhancer of zeste 2 polycomb repressive complex 2 subunit","7q36.1","","EZH2","ENSG00000106462","True","protein_coding"
"centrosomal protein 89kDa","19q13.11","","CEP89","ENSG00000121289","True","protein_coding"
"paired box 8","2q14.1","","PAX8","ENSG00000125618","True","protein_coding"
"BRCA1 associated protein-1 (ubiquitin carboxy-terminal hydrolase)","3p21.1","","BAP1","ENSG00000163930","True","protein_coding"
"LIM domain only 1 (rhombotin 1)","11p15.4","","LMO1","ENSG00000166407","True","protein_coding"
"nuclear receptor subfamily 4, group A, member 3","9q31.1","","NR4A3","ENSG00000119508","True","protein_coding"
"nuclear receptor binding SET domain protein 1","5q35.3","","NSD1","ENSG00000165671","True","protein_coding"
"ets variant 4","17q21.31","","ETV4","ENSG00000175832","True","protein_coding"
"CREB regulated transcription coactivator 1","19p13.11","","CRTC1","ENSG00000105662","True","protein_coding"
"B-cell CLL/lymphoma 10","1p22.3","","BCL10","ENSG00000142867","True","protein_coding"
"chromosome 2 open reading frame 44","2p23.3","","C2orf44","ENSG00000163026","True","protein_coding"
"interleukin 7 receptor","5p13.2","","IL7R","ENSG00000168685","True","protein_coding"
"Fanconi anemia, complementation group F","11p14.3","","FANCF","ENSG00000183161","True","protein_coding"
"spen family transcriptional repressor","1p36.21","1p36.13","SPEN","ENSG00000065526","True","protein_coding"
"R-spondin 2","8q23.1","","RSPO2","ENSG00000147655","True","protein_coding"
"POU class 2 associating factor 1","11q23.1","","POU2AF1","ENSG00000110777","True","protein_coding"
"notch 1","9q34.3","","NOTCH1","ENSG00000148400","True","protein_coding"
"T-cell acute lymphocytic leukemia 2","9q31.2","","TAL2","ENSG00000186051","True","protein_coding"
"homeobox A11","7p15.2","","HOXA11","ENSG00000005073","True","protein_coding"
"androgen receptor","Xq12","","AR","ENSG00000169083","True","protein_coding"
"ret proto-oncogene","10q11.21","","RET","ENSG00000165731","True","protein_coding"
"LIM and SH3 protein 1","17q12","","LASP1","ENSG00000002834","True","protein_coding"
"synovial sarcoma translocation, chromosome 18","18q11.2","","SS18","ENSG00000141380","True","protein_coding"
"retinoblastoma 1","13q14.2","","RB1","ENSG00000139687","True","protein_coding"
"CCCTC-binding factor (zinc finger protein)","16q22.1","","CTCF","ENSG00000102974","True","protein_coding"
"caspase 8, apoptosis-related cysteine peptidase","2q33.1","","CASP8","ENSG00000064012","True","protein_coding"
"fragile histidine triad","3p14.2","","FHIT","ENSG00000189283","True","protein_coding"
"mastermind-like 2 (Drosophila)","11q21","","MAML2","ENSG00000184384","True","protein_coding"
"FAT atypical cadherin 4","4q28.1","","FAT4","ENSG00000196159","True","protein_coding"
"homocysteine-inducible, endoplasmic reticulum stress-inducible, ubiquitin-like domain member 1","16q13","","HERPUD1","ENSG00000051108","True","protein_coding"
"protein phosphatase 6, catalytic subunit","9q33.3","","PPP6C","ENSG00000119414","True","protein_coding"
"PC4 and SFRS1 interacting protein 1","9p22.3","","PSIP1","ENSG00000164985","True","protein_coding"
"myeloid/lymphoid or mixed-lineage leukemia (trithorax homolog, Drosophila); translocated to, 11","1q21.3","","MLLT11","ENSG00000213190","True","protein_coding"
"nuclear receptor coactivator 2","8q13.3","","NCOA2","ENSG00000140396","True","protein_coding"
"DnaJ (Hsp40) homolog, subfamily B, member 1","19p13.12","","DNAJB1","ENSG00000132002","True","protein_coding"
"Rho GTPase activating protein 26","5q31.3","","ARHGAP26","ENSG00000145819","True","protein_coding"
"BCL6 corepressor","Xp11.4","","BCOR","ENSG00000183337","True","protein_coding"
"ras-related C3 botulinum toxin substrate 1 (rho family, small GTP binding protein Rac1)","7p22.1","","RAC1","ENSG00000136238","True","protein_coding"
"clathrin, heavy chain-like 1","22q11.21","","CLTCL1","ENSG00000070371","True","protein_coding"
"signal transducer and activator of transcription 6, interleukin-4 induced","12q13.3","","STAT6","ENSG00000166888","True","protein_coding"
"Fanconi anemia, complementation group E","6p21.31","","FANCE","ENSG00000112039","True","protein_coding"
"notch 2","1p12","","NOTCH2","ENSG00000134250","True","protein_coding"
"K(lysine) acetyltransferase 6B","10q22.2","","KAT6B","ENSG00000156650","True","protein_coding"
"ring finger protein 213","17q25.3","","RNF213","ENSG00000173821","True","protein_coding"
"KIAA1549","7q34","","KIAA1549","ENSG00000122778","True","protein_coding"
"AF4/FMR2 family, member 3","2q11.2","","AFF3","ENSG00000144218","True","protein_coding"
"nuclear receptor corepressor 1","17p12","17p11.2","NCOR1","ENSG00000141027","True","protein_coding"
"golgi-associated PDZ and coiled-coil motif containing","6q22.1","","GOPC","ENSG00000047932","True","protein_coding"
"U2 small nuclear RNA auxiliary factor 1","21q22.3","","U2AF1","ENSG00000160201","True","protein_coding"
"ubiquitin specific peptidase 8","15q21.2","","USP8","ENSG00000138592","True","protein_coding"
"ABL proto-oncogene 1, non-receptor tyrosine kinase","9q34.12","","ABL1","ENSG00000097007","True","protein_coding"
"spleen tyrosine kinase","9q22.2","","SYK","ENSG00000165025","True","protein_coding"
"Fc receptor-like 4","1q23.1","","FCRL4","ENSG00000163518","True","protein_coding"
"ROS proto-oncogene 1 , receptor tyrosine kinase","6q22.1","","ROS1","ENSG00000047936","True","protein_coding"
"elastin","7q11.23","","ELN","ENSG00000049540","True","protein_coding"
"succinate dehydrogenase complex, subunit A, flavoprotein (Fp)","5p15.33","","SDHA","ENSG00000073578","True","protein_coding"
"LSM14A, SCD6 homolog A (S. cerevisiae)","19q13.11","","LSM14A","ENSG00000257103","True","protein_coding"
"protein tyrosine phosphatase, receptor type, B","12q15","","PTPRB","ENSG00000127329","True","protein_coding"
"tubulin tyrosine ligase","2q14.1","","TTL","ENSG00000114999","True","protein_coding"
"forkhead box L2","3q22.3","","FOXL2","ENSG00000183770","True","protein_coding"
"CD74 molecule, major histocompatibility complex, class II invariant chain","5q33.1","","CD74","ENSG00000019582","True","protein_coding"
"multiple endocrine neoplasia I","11q13.1","","MEN1","ENSG00000133895","True","protein_coding"
"coiled-coil-helix-coiled-coil-helix domain containing 7","8q12.1","","CHCHD7","ENSG00000170791","True","protein_coding"
"SET domain containing 2","3p21.31","","SETD2","ENSG00000181555","True","protein_coding"
"BUB1 mitotic checkpoint serine/threonine kinase B","15q15.1","","BUB1B","ENSG00000156970","True","protein_coding"
"runt-related transcription factor 1; translocated to, 1 (cyclin D-related)","8q21.3","","RUNX1T1","ENSG00000079102","True","protein_coding"
"hypoxia inducible factor 1, alpha subunit (basic helix-loop-helix transcription factor)","14q23.2","","HIF1A","ENSG00000100644","True","protein_coding"
"cell division cycle 73","1q31.2","","CDC73","ENSG00000134371","True","protein_coding"
"Harvey rat sarcoma viral oncogene homolog","11p15.5","","HRAS","ENSG00000174775","True","protein_coding"
"NK2 homeobox 1","14q13.3","","NKX2-1","ENSG00000136352","True","protein_coding"
"excision repair cross-complementation group 3","2q14.3","","ERCC3","ENSG00000163161","True","protein_coding"
"echinoderm microtubule associated protein like 4","2p21","","EML4","ENSG00000143924","True","protein_coding"
"forkhead box O3","6q21","","FOXO3","ENSG00000118689","True","protein_coding"
"tropomyosin 3","1q21.3","","TPM3","ENSG00000143549","True","protein_coding"
"sperm antigen with calponin homology and coiled-coil domains 1","17p11.2","","SPECC1","ENSG00000128487","True","protein_coding"
"FEV (ETS oncogene family)","2q35","","FEV","ENSG00000163497","True","protein_coding"
"serine/arginine-rich splicing factor 3","6p21.31","6p21.2","SRSF3","ENSG00000112081","True","protein_coding"
"leucine-rich repeats and immunoglobulin-like domains 3","12q14.1","","LRIG3","ENSG00000139263","True","protein_coding"
"lysine (K)-specific methyltransferase 2A","11q23.3","","KMT2A","ENSG00000118058","True","protein_coding"
"vesicle transport through interaction with t-SNAREs 1A","10q25.2","","VTI1A","ENSG00000151532","True","protein_coding"
"major histocompatibility complex, class I, A","6p22.1","","HLA-A","ENSG00000206503","True","protein_coding"
"Kruppel-like factor 4 (gut)","9q31.2","","KLF4","ENSG00000136826","True","protein_coding"
"nuclear mitotic apparatus protein 1","11q13.4","","NUMA1","ENSG00000137497","True","protein_coding"
"myosin, heavy chain 9, non-muscle","22q12.3","","MYH9","ENSG00000100345","True","protein_coding"
"aryl hydrocarbon receptor nuclear translocator","1q21.3","","ARNT","ENSG00000143437","True","protein_coding"
"tumor protein p53","17p13.1","","TP53","ENSG00000141510","True","protein_coding"
"paired-like homeobox 2b","4p13","","PHOX2B","ENSG00000109132","True","protein_coding"
"mutY homolog","1p34.1","","MUTYH","ENSG00000132781","True","protein_coding"
"early B-cell factor 1","5q33.3","","EBF1","ENSG00000164330","True","protein_coding"
"zinc finger protein 384","12p13.31","","ZNF384","ENSG00000126746","True","protein_coding"
"phosphatase and tensin homolog","10q23.31","","PTEN","ENSG00000171862","True","protein_coding"
"huntingtin interacting protein 1","7q11.23","","HIP1","ENSG00000127946","True","protein_coding"
"fms-related tyrosine kinase 4","5q35.3","","FLT4","ENSG00000037280","True","protein_coding"
"transferrin receptor","3q29","","TFRC","ENSG00000072274","True","protein_coding"
"neurotrophic tyrosine kinase, receptor, type 1","1q23.1","","NTRK1","ENSG00000198400","True","protein_coding"
"acyl-CoA synthetase long-chain family member 6","5q31.1","","ACSL6","ENSG00000164398","True","protein_coding"
"Fanconi anemia, complementation group G","9p13.3","","FANCG","ENSG00000221829","True","protein_coding"
"nibrin","8q21.3","","NBN","ENSG00000104320","True","protein_coding"
"thyroid hormone receptor associated protein 3","1p34.3","","THRAP3","ENSG00000054118","True","protein_coding"
"pleiomorphic adenoma gene 1","8q12.1","","PLAG1","ENSG00000181690","True","protein_coding"
"breast cancer 2, early onset","13q13.1","","BRCA2","ENSG00000139618","True","protein_coding"
"lymphocyte cytosolic protein 1 (L-plastin)","13q14.13","","LCP1","ENSG00000136167","True","protein_coding"
"transcription factor binding to IGHM enhancer 3","Xp11.23","","TFE3","ENSG00000068323","True","protein_coding"
"leukemia inhibitory factor receptor alpha","5p13.1","","LIFR","ENSG00000113594","True","protein_coding"
"Fas cell surface death receptor","10q23.31","","FAS","ENSG00000026103","True","protein_coding"
"NCK interacting protein with SH3 domain","3p21.31","","NCKIPSD","ENSG00000213672","True","protein_coding"
"DEAD (Asp-Glu-Ala-Asp) box helicase 5","17q23.3","","DDX5","ENSG00000108654","True","protein_coding"
"hepatic leukemia factor","17q22","","HLF","ENSG00000108924","True","protein_coding"
"zinc finger protein 521","18q11.2","","ZNF521","ENSG00000198795","True","protein_coding"
"Janus kinase 3","19p13.11","","JAK3","ENSG00000105639","True","protein_coding"
"RAD51 paralog B","14q24.1","","RAD51B","ENSG00000182185","True","protein_coding"
"partner and localizer of BRCA2","16p12.2","","PALB2","ENSG00000083093","True","protein_coding"
"non-POU domain containing, octamer-binding","Xq13.1","","NONO","ENSG00000147140","True","protein_coding"
"lysine (K)-specific methyltransferase 2C","7q36.1","","KMT2C","ENSG00000055609","True","protein_coding"
"ubiquitin specific peptidase 6","17p13.2","","USP6","ENSG00000129204","True","protein_coding"
"cyclin-dependent kinase inhibitor 2A","9p21.3","","CDKN2A","ENSG00000147889","True","protein_coding"
"musashi RNA-binding protein 2","17q22","","MSI2","ENSG00000153944","True","protein_coding"
"nuclear factor I/B","9p23","9p22.3","NFIB","ENSG00000147862","True","protein_coding"
"homeobox C11","12q13.13","","HOXC11","ENSG00000123388","True","protein_coding"
"TRK-fused gene","3q12.2","","TFG","ENSG00000114354","True","protein_coding"
"tet methylcytosine dioxygenase 2","4q24","","TET2","ENSG00000168769","True","protein_coding"
"cancer susceptibility candidate 5","15q15.1","","CASC5","ENSG00000137812","True","protein_coding"
"heterogeneous nuclear ribonucleoprotein A2/B1","7p15.2","","HNRNPA2B1","ENSG00000122566","True","protein_coding"
"transcription elongation factor A (SII), 1","8q11.23","","TCEA1","ENSG00000187735","True","protein_coding"
"ninein (GSK3B interacting protein)","14q22.1","","NIN","ENSG00000100503","True","protein_coding"
"family with sequence similarity 131, member B","7q34","","FAM131B","ENSG00000159784","True","protein_coding"
"cytokine receptor-like factor 2","Xp22.33","","CRLF2","ENSG00000205755","True","protein_coding"
"ets variant 6","12p13.2","","ETV6","ENSG00000139083","True","protein_coding"
"CCHC-type zinc finger, nucleic acid binding protein","3q21.3","","CNBP","ENSG00000169714","True","protein_coding"
"kinase insert domain receptor","4q12","","KDR","ENSG00000128052","True","protein_coding"
"neurofibromin 2 (merlin)","22q12.2","","NF2","ENSG00000186575","True","protein_coding"
"KIAA1598","10q25.3","","KIAA1598","ENSG00000187164","True","protein_coding"
"WNT inhibitory factor 1","12q14.3","","WIF1","ENSG00000156076","True","protein_coding"
"isocitrate dehydrogenase 1 (NADP+), soluble","2q34","","IDH1","ENSG00000138413","True","protein_coding"
"excision repair cross-complementation group 2","19q13.32","","ERCC2","ENSG00000104884","True","protein_coding"
"FGFR1 oncogene partner","6q27","","FGFR1OP","ENSG00000213066","True","protein_coding"
"splicing factor 3b, subunit 1, 155kDa","2q33.1","","SF3B1","ENSG00000115524","True","protein_coding"
"myeloid leukemia factor 1","3q25.32","","MLF1","ENSG00000178053","True","protein_coding"
"DEK proto-oncogene","6p22.3","","DEK","ENSG00000124795","True","protein_coding"
"synovial sarcoma, X breakpoint 2","Xp11.22","","SSX2","ENSG00000241476","True","protein_coding"
"chimerin 1","2q31.1","","CHN1","ENSG00000128656","True","protein_coding"
"AF4/FMR2 family, member 1","4q21.3","4q22.1","AFF1","ENSG00000172493","True","protein_coding"
"epidermal growth factor receptor","7p11.2","","EGFR","ENSG00000146648","True","protein_coding"
"B-cell CLL/lymphoma 9","1q21.2","","BCL9","ENSG00000116128","True","protein_coding"
"Fanconi anemia, complementation group D2","3p25.3","","FANCD2","ENSG00000144554","True","protein_coding"
"chemokine (C-X-C motif) receptor 4","2q22.1","","CXCR4","ENSG00000121966","True","protein_coding"
"cyclin D2","12p13.32","","CCND2","ENSG00000118971","True","protein_coding"
"ras homolog family member H","4p14","","RHOH","ENSG00000168421","True","protein_coding"
"activating transcription factor 1","12q13.12","","ATF1","ENSG00000123268","True","protein_coding"
"succinate dehydrogenase complex, subunit D, integral membrane protein","11q23.1","","SDHD","ENSG00000204370","True","protein_coding"
"myeloid/lymphoid or mixed-lineage leukemia (trithorax homolog, Drosophila); translocated to, 3","9p21.3","","MLLT3","ENSG00000171843","True","protein_coding"
"mutS homolog 6","2p16.3","","MSH6","ENSG00000116062","True","protein_coding"
"interleukin 6 signal transducer","5q11.2","","IL6ST","ENSG00000134352","True","protein_coding"
"solute carrier family 34 (type II sodium/phosphate cotransporter), member 2","4p15.2","","SLC34A2","ENSG00000157765","True","protein_coding"
"RecQ protein-like 4","8q24.3","","RECQL4","ENSG00000160957","True","protein_coding"
"moesin","Xq12","","MSN","ENSG00000147065","True","protein_coding"
"CCAAT/enhancer binding protein (C/EBP), alpha","19q13.11","","CEBPA","ENSG00000245848","True","protein_coding"
"CCR4-NOT transcription complex, subunit 3","19q13.42","","CNOT3","ENSG00000088038","True","protein_coding"
"Cbl proto-oncogene B, E3 ubiquitin protein ligase","3q13.11","","CBLB","ENSG00000114423","True","protein_coding"
"perforin 1 (pore forming protein)","10q22.1","","PRF1","ENSG00000180644","True","protein_coding"
"PMS2 postmeiotic segregation increased 2 (S. cerevisiae)","7p22.1","","PMS2","ENSG00000122512","True","protein_coding"
"cyclin-dependent kinase 12","17q12","","CDK12","ENSG00000167258","True","protein_coding"
"T-cell leukemia homeobox 1","10q24.31","","TLX1","ENSG00000107807","True","protein_coding"
"paired related homeobox 1","1q24.2","","PRRX1","ENSG00000116132","True","protein_coding"
"SUZ12 polycomb repressive complex 2 subunit","17q11.2","","SUZ12","ENSG00000178691","True","protein_coding"
"topoisomerase (DNA) I","20q12","","TOP1","ENSG00000198900","True","protein_coding"
"xeroderma pigmentosum, complementation group A","9q22.33","","XPA","ENSG00000136936","True","protein_coding"
"RAN binding protein 2","2q13","","RANBP2","ENSG00000153201","True","protein_coding"
"CAP-GLY domain containing linker protein 1","12q24.31","","CLIP1","ENSG00000130779","True","protein_coding"
"ral guanine nucleotide dissociation stimulator","9q34.13","9q34.2","RALGDS","ENSG00000160271","True","protein_coding"
"platelet-derived growth factor receptor, alpha polypeptide","4q12","","PDGFRA","ENSG00000134853","True","protein_coding"
"potassium channel, inwardly rectifying subfamily J, member 5","11q24.3","","KCNJ5","ENSG00000120457","True","protein_coding"
"suppressor of cytokine signaling 1","16p13.13","","SOCS1","ENSG00000185338","True","protein_coding"
"Pim-1 proto-oncogene, serine/threonine kinase","6p21.2","","PIM1","ENSG00000137193","True","protein_coding"
"family with sequence similarity 46, member C","1p12","","FAM46C","ENSG00000183508","True","protein_coding"
"adenomatous polyposis coli","5q22.2","","APC","ENSG00000134982","True","protein_coding"
"synovial sarcoma, X breakpoint 1","Xp11.23","","SSX1","ENSG00000126752","True","protein_coding"
"heat shock protein 90kDa alpha (cytosolic), class A member 1","14q32.31","","HSP90AA1","ENSG00000080824","True","protein_coding"
"phosphoinositide-3-kinase, regulatory subunit 1 (alpha)","5q13.1","","PIK3R1","ENSG00000145675","True","protein_coding"
"FAT atypical cadherin 1","4q35.2","","FAT1","ENSG00000083857","True","protein_coding"
"cyclin-dependent kinase 6","7q21.2","","CDK6","ENSG00000105810","True","protein_coding"
"guanine nucleotide binding protein (G protein), alpha 11 (Gq class)","19p13.3","","GNA11","ENSG00000088256","True","protein_coding"
"promyelocytic leukemia","15q24.1","","PML","ENSG00000140464","True","protein_coding"
"fumarate hydratase","1q43","","FH","ENSG00000091483","True","protein_coding"
"DNA-damage-inducible transcript 3","12q13.3","","DDIT3","ENSG00000175197","True","protein_coding"
"v-maf avian musculoaponeurotic fibrosarcoma oncogene homolog","16q23.2","","MAF","ENSG00000178573","True","protein_coding"
"K(lysine) acetyltransferase 6A","8p11.21","","KAT6A","ENSG00000083168","True","protein_coding"
"CD274 molecule","9p24.1","","CD274","ENSG00000120217","True","protein_coding"
"H3 histone, family 3B (H3.3B)","17q25.1","","H3F3B","ENSG00000132475","True","protein_coding"
"checkpoint kinase 2","22q12.1","","CHEK2","ENSG00000183765","True","protein_coding"
"A kinase (PRKA) anchor protein 9","7q21.2","","AKAP9","ENSG00000127914","True","protein_coding"
"cAMP responsive element binding protein 3-like 2","7q33","","CREB3L2","ENSG00000182158","True","protein_coding"
"nuclear factor, erythroid 2-like 2","2q31.2","","NFE2L2","ENSG00000116044","True","protein_coding"
"ATM serine/threonine kinase","11q22.3","","ATM","ENSG00000149311","True","protein_coding"
"transcription factor 7-like 2 (T-cell specific, HMG-box)","10q25.2","10q25.3","TCF7L2","ENSG00000148737","True","protein_coding"
"neurofibromin 1","17q11.2","","NF1","ENSG00000196712","True","protein_coding"
"Fanconi anemia, complementation group A","16q24.3","","FANCA","ENSG00000187741","True","protein_coding"
"protein tyrosine kinase 6","20q13.33","","PTK6","ENSG00000101213","True","protein_coding"
"B-Raf proto-oncogene, serine/threonine kinase","7q34","","BRAF","ENSG00000157764","True","protein_coding"
"interleukin 2","4q27","","IL2","ENSG00000109471","True","protein_coding"
"anaplastic lymphoma receptor tyrosine kinase","2p23.2","2p23.1","ALK","ENSG00000171094","True","protein_coding"
"tripartite motif containing 24","7q33","7q34","TRIM24","ENSG00000122779","True","protein_coding"
"B-cell CLL/lymphoma 7A","12q24.31","","BCL7A","ENSG00000110987","True","protein_coding"
"mucin 1, cell surface associated","1q22","","MUC1","ENSG00000185499","True","protein_coding"
"bromodomain containing 4","19p13.12","","BRD4","ENSG00000141867","True","protein_coding"
"lysine (K)-specific methyltransferase 2D","12q13.12","","KMT2D","ENSG00000167548","True","protein_coding"
"golgin A5","14q32.12","","GOLGA5","ENSG00000066455","True","protein_coding"
"TNF receptor-associated factor 7, E3 ubiquitin protein ligase","16p13.3","","TRAF7","ENSG00000131653","True","protein_coding"
"collagen, type I, alpha 1","17q21.33","","COL1A1","ENSG00000108821","True","protein_coding"
"mechanistic target of rapamycin (serine/threonine kinase)","1p36.22","","MTOR","ENSG00000198793","True","protein_coding"
"forkhead box A1","14q21.1","","FOXA1","ENSG00000129514","True","protein_coding"
"erb-b2 receptor tyrosine kinase 4","2q34","","ERBB4","ENSG00000178568","True","protein_coding"
"CREB binding protein","16p13.3","","CREBBP","ENSG00000005339","True","protein_coding"
"B-cell translocation gene 1, anti-proliferative","12q21.33","","BTG1","ENSG00000133639","True","protein_coding"
"transcription factor EB","6p21.1","","TFEB","ENSG00000112561","True","protein_coding"
"eukaryotic translation initiation factor 3, subunit E","8q23.1","","EIF3E","ENSG00000104408","True","protein_coding"
"transformation/transcription domain-associated protein","7q22.1","","TRRAP","ENSG00000196367","True","protein_coding"
"transcription factor 12","15q21.3","","TCF12","ENSG00000140262","True","protein_coding"
"guanine nucleotide binding protein (G protein), q polypeptide","9q21.2","","GNAQ","ENSG00000156052","True","protein_coding"
"MDM4, p53 regulator","1q32.1","","MDM4","ENSG00000198625","True","protein_coding"
"lysine (K)-specific demethylase 5C","Xp11.22","","KDM5C","ENSG00000126012","True","protein_coding"
"succinate dehydrogenase complex assembly factor 2","11q12.2","","SDHAF2","ENSG00000167985","True","protein_coding"
"exostosin glycosyltransferase 1","8q24.11","","EXT1","ENSG00000182197","True","protein_coding"
"lymphoid enhancer-binding factor 1","4q25","","LEF1","ENSG00000138795","True","protein_coding"
"tet methylcytosine dioxygenase 1","10q21.3","","TET1","ENSG00000138336","True","protein_coding"
"nucleoporin 214kDa","9q34.13","","NUP214","ENSG00000126883","True","protein_coding"
"fibroblast growth factor receptor 4","5q35.2","","FGFR4","ENSG00000160867","True","protein_coding"
"cut-like homeobox 1","7q22.1","","CUX1","ENSG00000257923","True","protein_coding"
"cysteinyl-tRNA synthetase","11p15.4","","CARS","ENSG00000110619","True","protein_coding"
"nuclear factor of kappa light polypeptide gene enhancer in B-cells 2 (p49/p100)","10q24.32","","NFKB2","ENSG00000077150","True","protein_coding"
"paired box 5","9p13.2","","PAX5","ENSG00000196092","True","protein_coding"
"tyrosine 3-monooxygenase/tryptophan 5-monooxygenase activation protein, epsilon","17p13.3","","YWHAE","ENSG00000108953","True","protein_coding"
"capicua transcriptional repressor","19q13.2","","CIC","ENSG00000079432","True","protein_coding"
"axin 2","17q24.1","","AXIN2","ENSG00000168646","True","protein_coding"
"interferon regulatory factor 4","6p25.3","","IRF4","ENSG00000137265","True","protein_coding"
"Wolf-Hirschhorn syndrome candidate 1","4p16.3","","WHSC1","ENSG00000109685","True","protein_coding"
"NGFI-A binding protein 2 (EGR1 binding protein 2)","12q13.3","","NAB2","ENSG00000166886","True","protein_coding"
"AT rich interactive domain 1B (SWI1-like)","6q25.3","","ARID1B","ENSG00000049618","True","protein_coding"
"BRCA1 interacting protein C-terminal helicase 1","17q23.2","","BRIP1","ENSG00000136492","True","protein_coding"
"F-box and WD repeat domain containing 7, E3 ubiquitin protein ligase","4q31.3","","FBXW7","ENSG00000109670","True","protein_coding"
"ubiquitin protein ligase E3 component n-recognin 5","8q22.3","","UBR5","ENSG00000104517","True","protein_coding"
"cyclin E1","19q12","","CCNE1","ENSG00000105173","True","protein_coding"
"hes-related family bHLH transcription factor with YRPW motif 1","8q21.13","","HEY1","ENSG00000164683","True","protein_coding"
"cyclin D3","6p21.1","","CCND3","ENSG00000112576","True","protein_coding"
"forkhead box O4","Xq13.1","","FOXO4","ENSG00000184481","True","protein_coding"
"zinc finger, CCHC domain containing 8","12q24.31","","ZCCHC8","ENSG00000033030","True","protein_coding"
"nuclear factor of activated T-cells, cytoplasmic, calcineurin-dependent 2","20q13.2","","NFATC2","ENSG00000101096","True","protein_coding"
"acyl-CoA synthetase long-chain family member 3","2q36.1","","ACSL3","ENSG00000123983","True","protein_coding"
"ezrin","6q25.3","","EZR","ENSG00000092820","True","protein_coding"
"epidermal growth factor receptor pathway substrate 15","1p32.3","","EPS15","ENSG00000085832","True","protein_coding"
"fibroblast growth factor receptor 3","4p16.3","","FGFR3","ENSG00000068078","True","protein_coding"
"death-domain associated protein","6p21.32","","DAXX","ENSG00000204209","True","protein_coding"
"cytochrome c oxidase subunit VIc","8q22.2","","COX6C","ENSG00000164919","True","protein_coding"
"excision repair cross-complementation group 4","16p13.12","","ERCC4","ENSG00000175595","True","protein_coding"
"homeobox C13","12q13.13","","HOXC13","ENSG00000123364","True","protein_coding"
"nucleoporin 98kDa","11p15.4","","NUP98","ENSG00000110713","True","protein_coding"
"succinate dehydrogenase complex, subunit B, iron sulfur (Ip)","1p36.13","","SDHB","ENSG00000117118","True","protein_coding"
"protein kinase, cAMP-dependent, regulatory, type I, alpha","17q24.2","","PRKAR1A","ENSG00000108946","True","protein_coding"
"collagen, type II, alpha 1","12q13.11","","COL2A1","ENSG00000139219","True","protein_coding"
"ATR serine/threonine kinase","3q23","","ATR","ENSG00000175054","True","protein_coding"
"MDS1 and EVI1 complex locus","3q26.2","","MECOM","ENSG00000085276","True","protein_coding"
"tripartite motif containing 27","6p22.1","","TRIM27","ENSG00000204713","True","protein_coding"
"R-spondin 3","6q22.33","","RSPO3","ENSG00000146374","True","protein_coding"
"oligodendrocyte lineage transcription factor 2","21q22.11","","OLIG2","ENSG00000205927","True","protein_coding"
"SWI/SNF related, matrix associated, actin dependent regulator of chromatin, subfamily b, member 1","22q11.23","","SMARCB1","ENSG00000099956","True","protein_coding"
"nuclear receptor coactivator 1","2p23.3","","NCOA1","ENSG00000084676","True","protein_coding"
"DEAD (Asp-Glu-Ala-Asp) box helicase 6","11q23.3","","DDX6","ENSG00000110367","True","protein_coding"
"growth arrest-specific 7","17p13.1","","GAS7","ENSG00000007237","True","protein_coding"
"JAZF zinc finger 1","7p15.2","7p15.1","JAZF1","ENSG00000153814","True","protein_coding"
"signal transducer and activator of transcription 5B","17q21.2","","STAT5B","ENSG00000173757","True","protein_coding"
"elongation factor RNA polymerase II","19p13.11","","ELL","ENSG00000105656","True","protein_coding"
"septin 5","22q11.21","","SEPT5","ENSG00000184702","True","protein_coding"
"Wolf-Hirschhorn syndrome candidate 1-like 1","8p11.23","","WHSC1L1","ENSG00000147548","True","protein_coding"
"transforming growth factor, beta receptor II (70/80kDa)","3p24.1","","TGFBR2","ENSG00000163513","True","protein_coding"
"xeroderma pigmentosum, complementation group C","3p25.1","","XPC","ENSG00000154767","True","protein_coding"
"B-cell CLL/lymphoma 11A (zinc finger protein)","2p16.1","","BCL11A","ENSG00000119866","True","protein_coding"
"dicer 1, ribonuclease type III","14q32.13","","DICER1","ENSG00000100697","True","protein_coding"
"SWI/SNF related, matrix associated, actin dependent regulator of chromatin, subfamily e, member 1","17q21.2","","SMARCE1","ENSG00000073584","True","protein_coding"
"tropomyosin 4","19p13.12","19p13.11","TPM4","ENSG00000167460","True","protein_coding"
"Wiskott-Aldrich syndrome","Xp11.23","","WAS","ENSG00000015285","True","protein_coding"
"transmembrane protease, serine 2","21q22.3","","TMPRSS2","ENSG00000184012","True","protein_coding"
"forkhead box O1","13q14.11","","FOXO1","ENSG00000150907","True","protein_coding"
"ras homolog family member A","3p21.31","","RHOA","ENSG00000067560","True","protein_coding"
"protection of telomeres 1","7q31.33","","POT1","ENSG00000128513","True","protein_coding"
"exostosin glycosyltransferase 2","11p11.2","","EXT2","ENSG00000151348","True","protein_coding"
"cyclin-dependent kinase inhibitor 1B (p27, Kip1)","12p13.1","","CDKN1B","ENSG00000111276","True","protein_coding"
"E1A binding protein p300","22q13.2","","EP300","ENSG00000100393","True","protein_coding"
"lysine (K)-specific demethylase 5A","12p13.33","","KDM5A","ENSG00000073614","True","protein_coding"
"myeloid/lymphoid or mixed-lineage leukemia (trithorax homolog, Drosophila); translocated to, 1","19p13.3","","MLLT1","ENSG00000130382","True","protein_coding"
"colony stimulating factor 3 receptor (granulocyte)","1p34.3","","CSF3R","ENSG00000119535","True","protein_coding"
"transcription factor 3","19p13.3","","TCF3","ENSG00000071564","True","protein_coding"
"GATA binding protein 1 (globin transcription factor 1)","Xp11.23","","GATA1","ENSG00000102145","True","protein_coding"
"mitogen-activated protein kinase kinase kinase 1, E3 ubiquitin protein ligase","5q11.2","","MAP3K1","ENSG00000095015","True","protein_coding"
"glypican 3","Xq26.2","","GPC3","ENSG00000147257","True","protein_coding"
"ELK4, ETS-domain protein (SRF accessory protein 1)","1q32.1","","ELK4","ENSG00000158711","True","protein_coding"
"erb-b2 receptor tyrosine kinase 2","17q12","","ERBB2","ENSG00000141736","True","protein_coding"
"atypical chemokine receptor 3","2q37.3","","ACKR3","ENSG00000144476","True","protein_coding"
"cyclin B1 interacting protein 1, E3 ubiquitin protein ligase","14q11.2","","CCNB1IP1","ENSG00000100814","True","protein_coding"
"EWS RNA-binding protein 1","22q12.2","","EWSR1","ENSG00000182944","True","protein_coding"
"proprotein convertase subtilisin/kexin type 7","11q23.3","","PCSK7","ENSG00000160613","True","protein_coding"
"N-myc downstream regulated 1","8q24.22","","NDRG1","ENSG00000104419","True","protein_coding"
"ribophorin I","3q21.3","","RPN1","ENSG00000163902","True","protein_coding"
"ets variant 1","7p21.2","","ETV1","ENSG00000006468","True","protein_coding"
"RAD21 homolog (S. pombe)","8q24.11","","RAD21","ENSG00000164754","True","protein_coding"
"SET binding protein 1","18q12.3","","SETBP1","ENSG00000152217","True","protein_coding"
"isocitrate dehydrogenase 2 (NADP+), mitochondrial","15q26.1","","IDH2","ENSG00000182054","True","protein_coding"
"DNA (cytosine-5-)-methyltransferase 3 alpha","2p23.3","","DNMT3A","ENSG00000119772","True","protein_coding"
"Janus kinase 2","9p24.1","","JAK2","ENSG00000096968","True","protein_coding"
"myelodysplastic syndrome 2 translocation associated","1p36.12","1p36.11","MDS2","ENSG00000197880","True","protein_coding"
"SWI/SNF related, matrix associated, actin dependent regulator of chromatin, subfamily d, member 1","12q13.12","","SMARCD1","ENSG00000066117","True","protein_coding"
"estrogen receptor 1","6q25.1","6q25.2","ESR1","ENSG00000091831","True","protein_coding"
"NUT family member 2A","10q23.2","","NUTM2A","ENSG00000184923","True","protein_coding"
"platelet-activating factor acetylhydrolase 1b, catalytic subunit 2 (30kDa)","11q23.3","","PAFAH1B2","ENSG00000168092","True","protein_coding"
"cAMP responsive element binding protein 1","2q33.3","","CREB1","ENSG00000118260","True","protein_coding"
"5-aminoimidazole-4-carboxamide ribonucleotide formyltransferase/IMP cyclohydrolase","2q35","","ATIC","ENSG00000138363","True","protein_coding"
"mutL homolog 1","3p22.2","","MLH1","ENSG00000076242","True","protein_coding"
"v-rel avian reticuloendotheliosis viral oncogene homolog","2p16.1","","REL","ENSG00000162924","True","protein_coding"
"succinate dehydrogenase complex, subunit C, integral membrane protein, 15kDa","1q23.3","","SDHC","ENSG00000143252","True","protein_coding"
"E74-like factor 4 (ets domain transcription factor)","Xq26.1","","ELF4","ENSG00000102034","True","protein_coding"
"phosphatidylinositol-4,5-bisphosphate 3-kinase, catalytic subunit alpha","3q26.32","","PIK3CA","ENSG00000121879","True","protein_coding"
"platelet-derived growth factor beta polypeptide","22q13.1","","PDGFB","ENSG00000100311","True","protein_coding"
"FUS RNA binding protein","16p11.2","","FUS","ENSG00000089280","True","protein_coding"
"damage-specific DNA binding protein 2, 48kDa","11p11.2","","DDB2","ENSG00000134574","True","protein_coding"
"tumor necrosis factor receptor superfamily, member 14","1p36.32","","TNFRSF14","ENSG00000157873","True","protein_coding"
"septin 9","17q25.3","","SEPT9","ENSG00000184640","True","protein_coding"
"microphthalmia-associated transcription factor","3p13","","MITF","ENSG00000187098","True","protein_coding"
"translocated promoter region, nuclear basket protein","1q31.1","","TPR","ENSG00000047410","True","protein_coding"
"smoothened, frizzled class receptor","7q32.1","","SMO","ENSG00000128602","True","protein_coding"
"period circadian clock 1","17p13.1","","PER1","ENSG00000179094","True","protein_coding"
"Cbl proto-oncogene C, E3 ubiquitin protein ligase","19q13.32","","CBLC","ENSG00000142273","True","protein_coding"
"POU class 5 homeobox 1","6p21.33","","POU5F1","ENSG00000204531","True","protein_coding"
"MALT1 paracaspase","18q21.32","","MALT1","ENSG00000172175","True","protein_coding"
"cadherin 11, type 2, OB-cadherin (osteoblast)","16q21","","CDH11","ENSG00000140937","True","protein_coding"
"PTPRF interacting protein, binding protein 1 (liprin beta 1)","12p11.23","12p11.22","PPFIBP1","ENSG00000110841","True","protein_coding"
"leucine-zipper-like transcription regulator 1","22q11.21","","LZTR1","ENSG00000099949","True","protein_coding"
"v-kit Hardy-Zuckerman 4 feline sarcoma viral oncogene homolog","4q12","","KIT","ENSG00000157404","True","protein_coding"
"Fli-1 proto-oncogene, ETS transcription factor","11q24.3","","FLI1","ENSG00000151702","True","protein_coding"
"SRY (sex determining region Y)-box 2","3q26.33","","SOX2","ENSG00000181449","True","protein_coding"
"Fc fragment of IgG, low affinity IIb, receptor (CD32)","1q23.3","","FCGR2B","ENSG00000072694","True","protein_coding"
"polybromo 1","3p21.1","","PBRM1","ENSG00000163939","True","protein_coding"
"mature T-cell proliferation 1","Xq28","","MTCP1","ENSG00000214827","True","protein_coding"
"phosphatidylinositol binding clathrin assembly protein","11q14.2","","PICALM","ENSG00000073921","True","protein_coding"
"MET proto-oncogene, receptor tyrosine kinase","7q31.2","","MET","ENSG00000105976","True","protein_coding"
"fibroblast growth factor receptor 2","10q26.13","","FGFR2","ENSG00000066468","True","protein_coding"
"purinergic receptor P2Y, G-protein coupled, 8","Xp22.33","","P2RY8","ENSG00000182162","True","protein_coding"
"runt-related transcription factor 1","21q22.12","","RUNX1","ENSG00000159216","True","protein_coding"
"ribosomal protein L5","1p22.1","","RPL5","ENSG00000122406","True","protein_coding"
"Shwachman-Bodian-Diamond syndrome","7q11.21","","SBDS","ENSG00000126524","True","protein_coding"
"v-akt murine thymoma viral oncogene homolog 2","19q13.2","","AKT2","ENSG00000105221","True","protein_coding"
"myosin, heavy chain 11, smooth muscle","16p13.11","","MYH11","ENSG00000133392","True","protein_coding"
"calreticulin","19p13.13","","CALR","ENSG00000179218","True","protein_coding"
"mitogen-activated protein kinase kinase 1","15q22.31","","MAP2K1","ENSG00000169032","True","protein_coding"
"chromodomain helicase DNA binding protein 4","12p13.31","","CHD4","ENSG00000111642","True","protein_coding"
"osteomodulin","9q22.31","","OMD","ENSG00000127083","True","protein_coding"
"AT rich interactive domain 2 (ARID, RFX-like)","12q12","","ARID2","ENSG00000189079","True","protein_coding"
"POZ (BTB) and AT hook containing zinc finger 1","22q12.2","","PATZ1","ENSG00000100105","True","protein_coding"
"IL2-inducible T-cell kinase","5q33.3","","ITK","ENSG00000113263","True","protein_coding"
"Raf-1 proto-oncogene, serine/threonine kinase","3p25.2","","RAF1","ENSG00000132155","True","protein_coding"
"zinc finger, MYM-type 2","13q12.11","","ZMYM2","ENSG00000121741","True","protein_coding"
"ATPase, Na+/K+ transporting, alpha 1 polypeptide","1p13.1","","ATP1A1","ENSG00000163399","True","protein_coding"
"baculoviral IAP repeat containing 3","11q22.2","","BIRC3","ENSG00000023445","True","protein_coding"
"synovial sarcoma translocation gene on chromosome 18-like 1","20q13.33","","SS18L1","ENSG00000184402","True","protein_coding"
"Kruppel-like factor 6","10p15.2","","KLF6","ENSG00000067082","True","protein_coding"
"syndecan 4","20q13.12","","SDC4","ENSG00000124145","True","protein_coding"
"caspase recruitment domain family, member 11","7p22.2","","CARD11","ENSG00000198286","True","protein_coding"
"high mobility group AT-hook 1","6p21.31","","HMGA1","ENSG00000137309","True","protein_coding"
"paired box 7","1p36.13","","PAX7","ENSG00000009709","True","protein_coding"
"catenin (cadherin-associated protein), beta 1, 88kDa","3p22.1","","CTNNB1","ENSG00000168036","True","protein_coding"
"3-ketodihydrosphingosine reductase","18q21.33","","KDSR","ENSG00000119537","True","protein_coding"
"SWI/SNF related, matrix associated, actin dependent regulator of chromatin, subfamily a, member 4","19p13.2","","SMARCA4","ENSG00000127616","True","protein_coding"
"PR domain containing 1, with ZNF domain","6q21","","PRDM1","ENSG00000057657","True","protein_coding"
"Kirsten rat sarcoma viral oncogene homolog","12p12.1","","KRAS","ENSG00000133703","True","protein_coding"
"eukaryotic translation initiation factor 4A2","3q27.3","","EIF4A2","ENSG00000156976","True","protein_coding"
"calmodulin binding transcription activator 1","1p36.31","1p36.23","CAMTA1","ENSG00000171735","True","protein_coding"
"RAN binding protein 17","5q35.1","","RANBP17","ENSG00000204764","True","protein_coding"
"PHD finger protein 6","Xq26.2","","PHF6","ENSG00000156531","True","protein_coding"
"zinc finger homeobox 3","16q22.2","16q22.3","ZFHX3","ENSG00000140836","True","protein_coding"
"IKAROS family zinc finger 1 (Ikaros)","7p12.2","","IKZF1","ENSG00000185811","True","protein_coding"
"protein tyrosine phosphatase, non-receptor type 13 (APO-1/CD95 (Fas)-associated phosphatase)","4q21.3","","PTPN13","ENSG00000163629","True","protein_coding"
"serine/arginine-rich splicing factor 2","17q25.1","","SRSF2","ENSG00000161547","True","protein_coding"
"mediator complex subunit 12","Xq13.1","","MED12","ENSG00000184634","True","protein_coding"
"hook microtubule-tethering protein 3","8p11.21","","HOOK3","ENSG00000168172","True","protein_coding"
"Rho guanine nucleotide exchange factor (GEF) 12","11q23.3","","ARHGEF12","ENSG00000196914","True","protein_coding"
"Fanconi anemia, complementation group C","9q22.32","","FANCC","ENSG00000158169","True","protein_coding"
"v-myc avian myelocytomatosis viral oncogene homolog","8q24.21","","MYC","ENSG00000136997","True","protein_coding"
"TCF3 (E2A) fusion partner (in childhood Leukemia)","19q13.42","","TFPT","ENSG00000105619","True","protein_coding"
"zinc finger protein 331","19q13.42","","ZNF331","ENSG00000130844","True","protein_coding"
"formin binding protein 1","9q34.11","","FNBP1","ENSG00000187239","True","protein_coding"
"RAP1, GTP-GDP dissociation stimulator 1","4q23","","RAP1GDS1","ENSG00000138698","True","protein_coding"
"heat shock protein 90kDa alpha (cytosolic), class B member 1","6p21.1","","HSP90AB1","ENSG00000096384","True","protein_coding"
"SLIT-ROBO Rho GTPase activating protein 3","3p25.3","","SRGAP3","ENSG00000196220","True","protein_coding"
